{"cameraMode":{"drawMode":0,"name":"Shaded","section":"Shading Mode"},"sceneLighting":false,"audioPlay":false,"sceneViewState":{"m_AlwaysRefresh":false,"showFog":false,"showSkybox":false,"showFlares":false,"showImageEffects":false,"showParticleSystems":false,"showVisualEffectGraphs":true,"m_FxEnabled":true},"in2DMode":false,"pivot":{"x":2.1586101055145265,"y":0.712202787399292,"z":0.765843391418457},"rotation":{"x":0.0036120677832514049,"y":0.9657049179077148,"z":-0.25948426127433779,"w":0.013393625617027283},"size":2.6066503524780275,"orthographic":false}