{"cameraMode":{"drawMode":0,"name":"Shaded","section":"Shading Mode"},"sceneLighting":false,"audioPlay":false,"sceneViewState":{"m_AlwaysRefresh":false,"showFog":true,"showSkybox":false,"showFlares":true,"showImageEffects":true,"showParticleSystems":true,"showVisualEffectGraphs":true,"m_FxEnabled":true},"in2DMode":false,"pivot":{"x":0.0000027418136596679689,"y":0.8541332483291626,"z":0.11110895872116089},"rotation":{"x":0.004576595965772867,"y":0.994633674621582,"z":-0.09126210957765579,"w":0.04964349418878555},"size":1.1802922487258912,"orthographic":false}