{"cameraMode":{"drawMode":0,"name":"Shaded","section":"Shading Mode"},"sceneLighting":false,"audioPlay":false,"sceneViewState":{"m_AlwaysRefresh":false,"showFog":true,"showSkybox":false,"showFlares":true,"showImageEffects":true,"showParticleSystems":true,"showVisualEffectGraphs":true,"m_FxEnabled":true},"in2DMode":false,"pivot":{"x":-12.392633438110352,"y":348.7043762207031,"z":29.342308044433595},"rotation":{"x":-0.006759593728929758,"y":0.4330754578113556,"z":-0.0032502079848200084,"w":-0.9013433456420898},"size":66.76759338378906,"orthographic":true}