{"cameraMode":{"drawMode":0,"name":"Shaded","section":"Shading Mode"},"sceneLighting":false,"audioPlay":false,"sceneViewState":{"m_AlwaysRefresh":false,"showFog":true,"showSkybox":false,"showFlares":true,"showImageEffects":true,"showParticleSystems":true,"showVisualEffectGraphs":true,"m_FxEnabled":true},"in2DMode":false,"pivot":{"x":0.000032901763916015625,"y":10.24959945678711,"z":1.3333075046539307},"rotation":{"x":0.20106329023838044,"y":0.36975279450416567,"z":-0.08229599893093109,"w":0.903374195098877},"size":13.553594589233399,"orthographic":false}