{"cameraMode":{"drawMode":0,"name":"Shaded","section":"Shading Mode"},"sceneLighting":false,"audioPlay":false,"sceneViewState":{"m_AlwaysRefresh":false,"showFog":true,"showSkybox":true,"showFlares":true,"showImageEffects":true,"showParticleSystems":true,"showVisualEffectGraphs":true,"m_FxEnabled":true},"in2DMode":false,"pivot":{"x":-18.775693893432618,"y":26.106433868408204,"z":-7.98194694519043},"rotation":{"x":0.11731420457363129,"y":0.38259977102279665,"z":-0.049047715961933139,"w":0.9151232838630676},"size":13.547932624816895,"orthographic":false}