{"cameraMode":{"drawMode":0,"name":"Shaded","section":"Shading Mode"},"sceneLighting":false,"audioPlay":false,"sceneViewState":{"m_AlwaysRefresh":false,"showFog":true,"showSkybox":false,"showFlares":true,"showImageEffects":true,"showParticleSystems":true,"showVisualEffectGraphs":true,"m_FxEnabled":true},"in2DMode":false,"pivot":{"x":-26.67266845703125,"y":27.672409057617189,"z":12.149406433105469},"rotation":{"x":0.14917045831680299,"y":-0.48736777901649477,"z":0.08491455018520355,"w":0.8561612367630005},"size":18.48996353149414,"orthographic":false}