{"cameraMode":{"drawMode":0,"name":"Shaded","section":"Shading Mode"},"sceneLighting":false,"audioPlay":false,"sceneViewState":{"m_AlwaysRefresh":false,"showFog":true,"showSkybox":true,"showFlares":true,"showImageEffects":true,"showParticleSystems":true,"showVisualEffectGraphs":true,"m_FxEnabled":true},"in2DMode":false,"pivot":{"x":516.3853759765625,"y":251.7846221923828,"z":879.9398193359375},"rotation":{"x":0.004493812099099159,"y":0.05338166281580925,"z":0.00023322987544815987,"w":-0.9985769391059876},"size":795.3795776367188,"orthographic":false}