{"cameraMode":{"drawMode":0,"name":"Shaded","section":"Shading Mode"},"sceneLighting":false,"audioPlay":false,"sceneViewState":{"m_AlwaysRefresh":false,"showFog":true,"showSkybox":true,"showFlares":true,"showImageEffects":true,"showParticleSystems":true,"showVisualEffectGraphs":true,"m_FxEnabled":true},"in2DMode":false,"pivot":{"x":1131.6976318359375,"y":222.2083282470703,"z":214.13198852539063},"rotation":{"x":-0.03141859918832779,"y":-0.961595356464386,"z":0.24297133088111878,"w":-0.12420658767223358},"size":158.46470642089845,"orthographic":false}